,source,id,url,parent_url,cc_url,content_truncated,result,result_text
0,df_selected_urls_2024_p1,80,https://www.gov.uk/government/news/graham-allen-launches-second-report-on-early-intervention,www.gov.uk,https://data.commoncrawl.org/crawl-data/CC-MAIN-2024-10/segments/1707947473360.9/wet/CC-MAIN-20240221002544-20240221032544-00513.warc.wet.gz,"graham allen launches second report on early intervention - gov.uk
cookies on gov.uk
we use some ess",sure start," we are recruiting 4,200 health visitors and expanding programmes such as family nurse partnerships. through establishing the £2bn a year early intervention grant, we have signalled the importance of this agenda. we have committed to maintain a network of sure start children’s centres and to expand the free offer of childcare to disadvantaged two year olds, and put in place measures like the pupil premium. we are encouraging system reform through community budgets and payment by results. this package will e"
1,df_selected_urls_2024_p1,261,https://www.gov.uk/government/news/first-special-and-alternative-provision-free-schools-given-the-green-light,www.gov.uk,https://data.commoncrawl.org/crawl-data/CC-MAIN-2024-10/segments/1707947473598.4/wet/CC-MAIN-20240221234056-20240222024056-00156.warc.wet.gz,"first special and alternative provision free schools given the green light - gov.uk
cookies on gov.u",free school meals,"e right for local children. international evidence shows that giving teachers and heads more freedom in the classroom helps to raise standards in education.
free schools and academies can also prioritise the most disadvantaged children (those eligible for free school meals) in their school admissions. with children eligible for free school meals attracting additional funding through the coalition’s pupil premium - worth £488 per pupil this year - there will be even more incentive for these schools to attrac"
2,df_selected_urls_2024_p1,261,https://www.gov.uk/government/news/first-special-and-alternative-provision-free-schools-given-the-green-light,www.gov.uk,https://data.commoncrawl.org/crawl-data/CC-MAIN-2024-10/segments/1707947473598.4/wet/CC-MAIN-20240221234056-20240222024056-00156.warc.wet.gz,"first special and alternative provision free schools given the green light - gov.uk
cookies on gov.u",school meals,"ht for local children. international evidence shows that giving teachers and heads more freedom in the classroom helps to raise standards in education.
free schools and academies can also prioritise the most disadvantaged children (those eligible for free school meals) in their school admissions. with children eligible for free school meals attracting additional funding through the coalition’s pupil premium - worth £488 per pupil this year - there will be even more incentive for these schools to attract tho"
3,df_selected_urls_2024_p1,403,https://www.gov.uk/government/news/prime-minister-announces-support-for-parents-and-families,www.gov.uk,https://data.commoncrawl.org/crawl-data/CC-MAIN-2024-10/segments/1707947473738.92/wet/CC-MAIN-20240222093910-20240222123910-00387.warc.wet.gz,"prime minister announces support for parents and families - gov.uk
cookies on gov.uk
we use some ess",best start in life," videos showing midwives demonstrating practical advice such as bathing your baby and parents discussing issues that affected them and how they supported each other.
secretary of state for health, andrew lansley said:
”we all want to give our children the best start in life. but sometimes, particularly for first-time parents, bringing a new baby home can be a daunting as well as a happy experience.
”that is why we are determined to help people become more confident in becoming a parent - from pregnancy to t"
4,df_selected_urls_2024_p1,412,https://www.gov.uk/government/news/coasting-schools-meeting,www.gov.uk,https://data.commoncrawl.org/crawl-data/CC-MAIN-2024-10/segments/1707947473738.92/wet/CC-MAIN-20240222093910-20240222123910-00576.warc.wet.gz,"coasting schools meeting - gov.uk
cookies on gov.uk
we use some essential cookies to make this websi",best start in life,"ure, and turned that school around. now he’s going to help us drive the nationwide transformation of our schools.
be in no doubt: this is a government that is incredibly ambitious for all the children in our country - and we will fight for them to get the best start in life.
sign up to receive the prime minister’s newsletter .
share this page
the following links open in a new tab
share on facebook (opens in new tab)
share on twitter (opens in new tab)
published 17 january 2012
is this page useful?
maybe
yes"
5,df_selected_urls_2024_p1,533,https://www.gov.uk/government/news/government-sets-out-further-detail-on-local-government-savings,www.gov.uk,https://data.commoncrawl.org/crawl-data/CC-MAIN-2024-10/segments/1707947473824.13/wet/CC-MAIN-20240222161802-20240222191802-00153.warc.wet.gz,"government sets out further detail on local government savings - gov.uk
cookies on gov.uk
we use som",sure start," back of the quango state.
the detailed spending decisions outlined today show a clear determination to make the necessary savings whilst minimising the impact on essential frontline services like rubbish collections and protecting spending on schools and sure start. we have focused attention on reducing the centre and it is here that the reductions are the hardest.
steps have been taken to limit the impact on local authorities and make savings proportionally. councils have been given the flexibility they n"
6,df_selected_urls_2024_p1,876,https://www.gov.uk/government/news/changes-to-crisis-loans-protecting-the-vulnerable,www.gov.uk,https://data.commoncrawl.org/crawl-data/CC-MAIN-2024-10/segments/1707947474526.76/wet/CC-MAIN-20240224080616-20240224110616-00298.warc.wet.gz,"changes to crisis loans – protecting the vulnerable - gov.uk
cookies on gov.uk
we use some essential",sure start,"009-10.
social fund: the current scheme
the social fund currently consists of a discretionary and a regulated scheme.
discretionary scheme: community care grants, budgeting loans and crisis loans.
regulated scheme: cold weather payments, funeral payments, sure start maternity grants and winter fuel payments.
social fund: reform
we have already announced as part of wider welfare reform that the discretionary elements will be reformed from 2013.
the welfare reform white paper announced that local authorities "
7,df_selected_urls_2024_p1,1129,https://www.gov.uk/government/news/alternative-provision-overhaul-to-fix-broken-system-and-improve-standards,www.gov.uk,https://data.commoncrawl.org/crawl-data/CC-MAIN-2024-10/segments/1707947474544.15/wet/CC-MAIN-20240224180245-20240224210245-00028.warc.wet.gz,"alternative provision: overhaul to fix ‘broken system’ and improve standards - gov.uk
cookies on gov",free school meals,"ar. of children involved in the riots and brought before the courts, two thirds had special educational needs and on average missed almost one day of school a week. they were also more likely to live in the 10 per cent lowest income areas, to be receiving free school meals and to have been excluded from school at least once.
charlie taylor said:
we currently have a flawed system that fails to provide suitable education and proper accountability for some of the most vulnerable children in the country. if we "
8,df_selected_urls_2024_p1,1129,https://www.gov.uk/government/news/alternative-provision-overhaul-to-fix-broken-system-and-improve-standards,www.gov.uk,https://data.commoncrawl.org/crawl-data/CC-MAIN-2024-10/segments/1707947474544.15/wet/CC-MAIN-20240224180245-20240224210245-00028.warc.wet.gz,"alternative provision: overhaul to fix ‘broken system’ and improve standards - gov.uk
cookies on gov",school meals,"f children involved in the riots and brought before the courts, two thirds had special educational needs and on average missed almost one day of school a week. they were also more likely to live in the 10 per cent lowest income areas, to be receiving free school meals and to have been excluded from school at least once.
charlie taylor said:
we currently have a flawed system that fails to provide suitable education and proper accountability for some of the most vulnerable children in the country. if we fail "
9,df_selected_urls_2024_p1,1336,https://www.gov.uk/government/news/pupil-premium-schools-to-get-even-more-cash-this-year,www.gov.uk,https://data.commoncrawl.org/crawl-data/CC-MAIN-2024-10/segments/1707947474573.20/wet/CC-MAIN-20240225003942-20240225033942-00605.warc.wet.gz,"pupil premium: schools to get even more cash this year - gov.uk
cookies on gov.uk
we use some essent",free school meals,"at coalition government
england’s most disadvantaged pupils are set to benefit from an extra £58 each after the department for education announced this year’s pupil premium will increase to £488.
schools receive the extra cash for every child eligible for free school meals (fsms). the money has been released because fewer-than-expected children have registered for fsms this year.
children’s minister sarah teather said:
the pupil premium will benefit poorer pupils, providing extra money directly for those pu"
10,df_selected_urls_2024_p1,1336,https://www.gov.uk/government/news/pupil-premium-schools-to-get-even-more-cash-this-year,www.gov.uk,https://data.commoncrawl.org/crawl-data/CC-MAIN-2024-10/segments/1707947474573.20/wet/CC-MAIN-20240225003942-20240225033942-00605.warc.wet.gz,"pupil premium: schools to get even more cash this year - gov.uk
cookies on gov.uk
we use some essent",school meals,"alition government
england’s most disadvantaged pupils are set to benefit from an extra £58 each after the department for education announced this year’s pupil premium will increase to £488.
schools receive the extra cash for every child eligible for free school meals (fsms). the money has been released because fewer-than-expected children have registered for fsms this year.
children’s minister sarah teather said:
the pupil premium will benefit poorer pupils, providing extra money directly for those pupils "
11,df_selected_urls_2024_p1,1379,https://www.gov.uk/government/news/mossbourne-to-open-new-academy-in-hackney,www.gov.uk,https://data.commoncrawl.org/crawl-data/CC-MAIN-2024-10/segments/1707947474573.20/wet/CC-MAIN-20240225003942-20240225033942-00778.warc.wet.gz,"mossbourne to open new academy in hackney - gov.uk
cookies on gov.uk
we use some essential cookies t",free school meals,"d how effective their model is and how well pupils can do.
mossbourne community academy opened in 2004. it was built on the site of hackney downs school, which was closed in 1995 because it was failing. 41 per cent of pupils at mossbourne are eligible for free school meals. in addition 23 per cent have been identified as having special educational needs.
its achievements include:
82 per cent of pupils getting five good gcses including english and maths this year.
ofsted rating it ‘outstanding’ in two consec"
12,df_selected_urls_2024_p1,1379,https://www.gov.uk/government/news/mossbourne-to-open-new-academy-in-hackney,www.gov.uk,https://data.commoncrawl.org/crawl-data/CC-MAIN-2024-10/segments/1707947474573.20/wet/CC-MAIN-20240225003942-20240225033942-00778.warc.wet.gz,"mossbourne to open new academy in hackney - gov.uk
cookies on gov.uk
we use some essential cookies t",school meals," effective their model is and how well pupils can do.
mossbourne community academy opened in 2004. it was built on the site of hackney downs school, which was closed in 1995 because it was failing. 41 per cent of pupils at mossbourne are eligible for free school meals. in addition 23 per cent have been identified as having special educational needs.
its achievements include:
82 per cent of pupils getting five good gcses including english and maths this year.
ofsted rating it ‘outstanding’ in two consecutive"
13,df_selected_urls_2024_p1,1581,https://www.gov.uk/government/news/disadvantaged-school-children-to-benefit-from-125-billion-funding-from-april-2012,www.gov.uk,https://data.commoncrawl.org/crawl-data/CC-MAIN-2024-10/segments/1707947474641.34/wet/CC-MAIN-20240225171204-20240225201204-00530.warc.wet.gz,"disadvantaged school children to benefit from £1.25 billion funding from april 2012 - gov.uk
cookies",free school meals,"nment’s pupil premium will extend to cover 1.77 million disadvantaged children
pupil premium
over half a million additional children will also qualify for the premium as the government has extended its reach to cover any child that has been registered for free school meals (fsm) in the past six years. for 2012-13, the premium will be worth £1.25 billion in total.
children who have been eligible for free school meals at any point in their school career have consistently lower educational attainment than thos"
14,df_selected_urls_2024_p1,1581,https://www.gov.uk/government/news/disadvantaged-school-children-to-benefit-from-125-billion-funding-from-april-2012,www.gov.uk,https://data.commoncrawl.org/crawl-data/CC-MAIN-2024-10/segments/1707947474641.34/wet/CC-MAIN-20240225171204-20240225201204-00530.warc.wet.gz,"disadvantaged school children to benefit from £1.25 billion funding from april 2012 - gov.uk
cookies",school meals,"’s pupil premium will extend to cover 1.77 million disadvantaged children
pupil premium
over half a million additional children will also qualify for the premium as the government has extended its reach to cover any child that has been registered for free school meals (fsm) in the past six years. for 2012-13, the premium will be worth £1.25 billion in total.
children who have been eligible for free school meals at any point in their school career have consistently lower educational attainment than those who"
15,df_selected_urls_2024_p1,1591,https://www.gov.uk/government/news/primary-schools-test-results-released--2,www.gov.uk,https://data.commoncrawl.org/crawl-data/CC-MAIN-2024-10/segments/1707947474641.34/wet/CC-MAIN-20240225171204-20240225201204-00844.warc.wet.gz,"primary schools’ test results released - gov.uk
cookies on gov.uk
we use some essential cookies to m",free school meals,"dren’s minister sarah teather said:
we are extending the amount that even more of our children from low-income families will get through the pupil premium. from april next year schools will be allocated an extra £600 a year for every child who has been on free school meals at some point in the last six years to raise their attainment and help them catch up those from wealthier backgrounds.
the chasm between the attainment of rich and poor must be closed - 58 per cent of children on free school meals or in c"
16,df_selected_urls_2024_p1,1591,https://www.gov.uk/government/news/primary-schools-test-results-released--2,www.gov.uk,https://data.commoncrawl.org/crawl-data/CC-MAIN-2024-10/segments/1707947474641.34/wet/CC-MAIN-20240225171204-20240225201204-00844.warc.wet.gz,"primary schools’ test results released - gov.uk
cookies on gov.uk
we use some essential cookies to m",school meals,"s minister sarah teather said:
we are extending the amount that even more of our children from low-income families will get through the pupil premium. from april next year schools will be allocated an extra £600 a year for every child who has been on free school meals at some point in the last six years to raise their attainment and help them catch up those from wealthier backgrounds.
the chasm between the attainment of rich and poor must be closed - 58 per cent of children on free school meals or in care a"
17,df_selected_urls_2024_p1,1596,https://www.gov.uk/government/news/twice-as-many-students-now-taking-key-academic-subjects-thanks-to-the-ebacc,www.gov.uk,https://data.commoncrawl.org/crawl-data/CC-MAIN-2024-10/segments/1707947474643.29/wet/CC-MAIN-20240225203035-20240225233035-00091.warc.wet.gz,"twice as many students now taking key academic subjects thanks to the ebacc - gov.uk
cookies on gov.",free school meals,"t is the highest proportion since summer 2005 when 60% of pupils took a language gcse.
and the figures show that the ebacc has had an especially positive impact on poorer pupils.
in 2010, just 10% of pupils in schools with a high proportion of children on free school meals were taking a combination of subjects that could have led to the ebacc.
but 41% of pupils in these schools started studying the set of key subjects from this september - a 310% increase.
the rise over the same period in schools with a low"
18,df_selected_urls_2024_p1,1596,https://www.gov.uk/government/news/twice-as-many-students-now-taking-key-academic-subjects-thanks-to-the-ebacc,www.gov.uk,https://data.commoncrawl.org/crawl-data/CC-MAIN-2024-10/segments/1707947474643.29/wet/CC-MAIN-20240225203035-20240225233035-00091.warc.wet.gz,"twice as many students now taking key academic subjects thanks to the ebacc - gov.uk
cookies on gov.",school meals,"the highest proportion since summer 2005 when 60% of pupils took a language gcse.
and the figures show that the ebacc has had an especially positive impact on poorer pupils.
in 2010, just 10% of pupils in schools with a high proportion of children on free school meals were taking a combination of subjects that could have led to the ebacc.
but 41% of pupils in these schools started studying the set of key subjects from this september - a 310% increase.
the rise over the same period in schools with a low prop"
19,df_selected_urls_2024_p1,1597,https://www.gov.uk/government/news/schools-sure-start-and-16-to-19-will-be-protected-in-government-savings,www.gov.uk,https://data.commoncrawl.org/crawl-data/CC-MAIN-2024-10/segments/1707947474643.29/wet/CC-MAIN-20240225203035-20240225233035-00139.warc.wet.gz,"schools, sure start and 16 to 19 will be protected in government savings - gov.uk
cookies on gov.uk
",sure start,"schools, sure start and 16 to 19 will be protected in government savings - gov.uk
cookies on gov.uk
we use some essential cookies to make this website work.
we’d like to set additional cookies to understand how you use gov.uk, remember your settings and improve gov"
20,df_selected_urls_2024_p1,1598,https://www.gov.uk/government/news/schools-get-more-freedom-to-manage-teacher-performance,www.gov.uk,https://data.commoncrawl.org/crawl-data/CC-MAIN-2024-10/segments/1707947474643.29/wet/CC-MAIN-20240225203035-20240225233035-00149.warc.wet.gz,"schools get more freedom to manage teacher performance - gov.uk
cookies on gov.uk
we use some essent",free school meals,"artment’s website.
old ford primary school in tower hamlets, london, focused on teaching and transformed standards in every classroom. the school had suffered from ten years of poor results. a large school by primary standards, the proportion of pupils on free school meals is very high, with a majority speaking english as an additional language. in 2001, ofsted judged the school to have serious weaknesses.
new head teacher amanda philips took a rigorous approach. in her first week amanda, with two senior lo"
21,df_selected_urls_2024_p1,1598,https://www.gov.uk/government/news/schools-get-more-freedom-to-manage-teacher-performance,www.gov.uk,https://data.commoncrawl.org/crawl-data/CC-MAIN-2024-10/segments/1707947474643.29/wet/CC-MAIN-20240225203035-20240225233035-00149.warc.wet.gz,"schools get more freedom to manage teacher performance - gov.uk
cookies on gov.uk
we use some essent",school meals,"nt’s website.
old ford primary school in tower hamlets, london, focused on teaching and transformed standards in every classroom. the school had suffered from ten years of poor results. a large school by primary standards, the proportion of pupils on free school meals is very high, with a majority speaking english as an additional language. in 2001, ofsted judged the school to have serious weaknesses.
new head teacher amanda philips took a rigorous approach. in her first week amanda, with two senior local a"
22,df_selected_urls_2024_p1,1606,https://www.gov.uk/government/news/nick-gibb-comments-on-the-english-baccalaureate,www.gov.uk,https://data.commoncrawl.org/crawl-data/CC-MAIN-2024-10/segments/1707947474643.29/wet/CC-MAIN-20240225203035-20240225233035-00350.warc.wet.gz,"nick gibb comments on the english baccalaureate - gov.uk
cookies on gov.uk
we use some essential coo",free school meals,"tudy or to rewarding employment. it cannot be right that children from the poorest backgrounds are significantly less likely to have the opportunity to take gcses in these subjects than children from more advantaged areas. just 8% of children eligible for free school meals were entered for the e-bacc subjects next last year compared to 22% overall.
closing the attainment gap between children from wealthier and poorer backgrounds is a key objective of the government and the e-bacc measure plays an important "
23,df_selected_urls_2024_p1,1606,https://www.gov.uk/government/news/nick-gibb-comments-on-the-english-baccalaureate,www.gov.uk,https://data.commoncrawl.org/crawl-data/CC-MAIN-2024-10/segments/1707947474643.29/wet/CC-MAIN-20240225203035-20240225233035-00350.warc.wet.gz,"nick gibb comments on the english baccalaureate - gov.uk
cookies on gov.uk
we use some essential coo",school meals,"or to rewarding employment. it cannot be right that children from the poorest backgrounds are significantly less likely to have the opportunity to take gcses in these subjects than children from more advantaged areas. just 8% of children eligible for free school meals were entered for the e-bacc subjects next last year compared to 22% overall.
closing the attainment gap between children from wealthier and poorer backgrounds is a key objective of the government and the e-bacc measure plays an important part "
24,df_selected_urls_2024_p1,1617,https://www.gov.uk/government/news/sen-children-make-big-step-forward-in-english-and-maths-according-to-new-report,www.gov.uk,https://data.commoncrawl.org/crawl-data/CC-MAIN-2024-10/segments/1707947474643.29/wet/CC-MAIN-20240225203035-20240225233035-00713.warc.wet.gz,"sen children make big step forward in english and maths according to new report - gov.uk
cookies on ",free school meals,"nships with parents rising from 12 per cent to 48 per cent.
90 per cent of schools have put achievement for all in their school plan, and nearly all said they will continue with regular conversations with parents.
for children with complex needs, those on free school meals (fsm) and those with english as an additional language (eal), progress was good but slower than their peers.
children’s minister sarah teather said:
it’s fantastic to see that achievement for all has had such impressive results. this show"
25,df_selected_urls_2024_p1,1617,https://www.gov.uk/government/news/sen-children-make-big-step-forward-in-english-and-maths-according-to-new-report,www.gov.uk,https://data.commoncrawl.org/crawl-data/CC-MAIN-2024-10/segments/1707947474643.29/wet/CC-MAIN-20240225203035-20240225233035-00713.warc.wet.gz,"sen children make big step forward in english and maths according to new report - gov.uk
cookies on ",school meals,"s with parents rising from 12 per cent to 48 per cent.
90 per cent of schools have put achievement for all in their school plan, and nearly all said they will continue with regular conversations with parents.
for children with complex needs, those on free school meals (fsm) and those with english as an additional language (eal), progress was good but slower than their peers.
children’s minister sarah teather said:
it’s fantastic to see that achievement for all has had such impressive results. this shows jus"
26,df_selected_urls_2024_p1,1884,https://www.gov.uk/government/news/pupils-who-fall-behind-in-english-and-maths-to-get-intensive-catch-up-classes,www.gov.uk,https://data.commoncrawl.org/crawl-data/CC-MAIN-2024-10/segments/1707947474676.26/wet/CC-MAIN-20240227121318-20240227151318-00786.warc.wet.gz,"pupils who fall behind in english and maths to get intensive catch-up classes - gov.uk
cookies on go",free school meals,"ce shows that pupils who are behind in english and maths when they start secondary school will struggle to achieve gcses. only 30 per cent of those not achieving level 4 in reading at the end of primary school go on to get 5 a* to c at gcse. for pupils on free school meals this drops to seven per cent.
deputy prime minister, nick clegg, said:
secondary school is a massive step up for pupils when much bigger demands are placed on their abilities. for tens of thousands of children, this is all the more daunti"
27,df_selected_urls_2024_p1,1884,https://www.gov.uk/government/news/pupils-who-fall-behind-in-english-and-maths-to-get-intensive-catch-up-classes,www.gov.uk,https://data.commoncrawl.org/crawl-data/CC-MAIN-2024-10/segments/1707947474676.26/wet/CC-MAIN-20240227121318-20240227151318-00786.warc.wet.gz,"pupils who fall behind in english and maths to get intensive catch-up classes - gov.uk
cookies on go",school meals,"ows that pupils who are behind in english and maths when they start secondary school will struggle to achieve gcses. only 30 per cent of those not achieving level 4 in reading at the end of primary school go on to get 5 a* to c at gcse. for pupils on free school meals this drops to seven per cent.
deputy prime minister, nick clegg, said:
secondary school is a massive step up for pupils when much bigger demands are placed on their abilities. for tens of thousands of children, this is all the more daunting be"
28,df_selected_urls_2024_p2,64,https://www.gov.uk/government/news/budget-and-spending-review-october-2021-what-you-need-to-know,www.gov.uk,https://data.commoncrawl.org/crawl-data/CC-MAIN-2024-10/segments/1707947474690.22/wet/CC-MAIN-20240228012542-20240228042542-00540.warc.wet.gz,"budget and spending review – october 2021: what you need to know - gov.uk
cookies on gov.uk
we use s",family hubs,"o be paid to early years providers to deliver the government’s free childcare hours.
new investment of £302 million to fund new programmes to support parents, provide bespoke breast feeding services and parent-infant mental support, and funding to rollout family hubs across england.
£639 million resource funding per annum by 2024-25 as part of the government’s commitment to end rough sleeping in england, an 85% cash increase compared to 2019-20. this brings total funding to £1.9 billion resource and £109 mi"
29,df_selected_urls_2024_p2,85,https://www.gov.uk/government/news/cash-boost-for-disadvantaged-school-children,www.gov.uk,https://data.commoncrawl.org/crawl-data/CC-MAIN-2024-10/segments/1707947474697.2/wet/CC-MAIN-20240228044414-20240228074414-00034.warc.wet.gz,"cash boost for disadvantaged school children - gov.uk
cookies on gov.uk
we use some essential cookie",free school meals,"nment
england’s most disadvantaged pupils are to benefit from extra cash next year when the pupil premium rises to £900 per pupil - around 50% higher than last year.
schools receive extra cash through the premium for every child registered as eligible for free school meals (fsm) at any point in the past six years and children in care who have been looked after for six months.
schools minister david laws said:
it’s unacceptable that children from disadvantaged backgrounds are less likely to do well in school"
30,df_selected_urls_2024_p2,85,https://www.gov.uk/government/news/cash-boost-for-disadvantaged-school-children,www.gov.uk,https://data.commoncrawl.org/crawl-data/CC-MAIN-2024-10/segments/1707947474697.2/wet/CC-MAIN-20240228044414-20240228074414-00034.warc.wet.gz,"cash boost for disadvantaged school children - gov.uk
cookies on gov.uk
we use some essential cookie",school meals,"
england’s most disadvantaged pupils are to benefit from extra cash next year when the pupil premium rises to £900 per pupil - around 50% higher than last year.
schools receive extra cash through the premium for every child registered as eligible for free school meals (fsm) at any point in the past six years and children in care who have been looked after for six months.
schools minister david laws said:
it’s unacceptable that children from disadvantaged backgrounds are less likely to do well in school than"
31,df_selected_urls_2024_p2,88,https://www.gov.uk/government/news/tackling-the-root-causes-of-poverty-and-disadvantage,www.gov.uk,https://data.commoncrawl.org/crawl-data/CC-MAIN-2024-10/segments/1707947474697.2/wet/CC-MAIN-20240228044414-20240228074414-00179.warc.wet.gz,"tackling the root causes of poverty and disadvantage - gov.uk
cookies on gov.uk
we use some essentia",sure start,"k field’s independent report on poverty and life chances, published earlier this month, is a welcome reminder of how important early years childcare and education is to setting a child on the road to success and out of poverty.
that’s why we are reforming sure start services to target the most needy and are extending the offer of 15-hours of free childcare a week to all disadvantaged 2-year-olds. and through the pupil premium schools will be able to support the poorest at every stage of their education.
rel"
32,df_selected_urls_2024_p2,97,https://www.gov.uk/government/news/new-powers-for-schools-to-beat-the-takeaways,www.gov.uk,https://data.commoncrawl.org/crawl-data/CC-MAIN-2024-10/segments/1707947474697.2/wet/CC-MAIN-20240228044414-20240228074414-00493.warc.wet.gz,"new powers for schools to beat the takeaways - gov.uk
cookies on gov.uk
we use some essential cookie",free school meals," take up in the long-term so while a school wanting to run a really big promotion will have to invest to cover the cost, it will pay back a big return. even on a much smaller scale, we know that many schools are keen to help families who don’t qualify for free school meals but might be struggling to find money for lunches every day. we’re particularly keen to test out how these powers can help larger families with the costs of school meals and will also be producing a guide to using the new legislation for "
33,df_selected_urls_2024_p2,97,https://www.gov.uk/government/news/new-powers-for-schools-to-beat-the-takeaways,www.gov.uk,https://data.commoncrawl.org/crawl-data/CC-MAIN-2024-10/segments/1707947474697.2/wet/CC-MAIN-20240228044414-20240228074414-00493.warc.wet.gz,"new powers for schools to beat the takeaways - gov.uk
cookies on gov.uk
we use some essential cookie",school meals,"eal deals for pupils starting a new school to get them into the canteen
special prices for siblings regularly eating school lunches - helping families afford healthy food
cut price meals for a different year group each day to encourage them choose healthy school meals regularly.
children’s minister sarah teather said:
school meals beat takeaways hands down on the quality of food they serve, but up until now they have struggled to compete on price. getting children into the school canteen is vital - the bene"
34,df_selected_urls_2024_p2,103,https://www.gov.uk/government/news/queens-birthday-honours-2010,www.gov.uk,https://data.commoncrawl.org/crawl-data/CC-MAIN-2024-10/segments/1707947474697.2/wet/CC-MAIN-20240228044414-20240228074414-00856.warc.wet.gz,"queen's birthday honours 2010 - gov.uk
cookies on gov.uk
we use some essential cookies to make this ",sure start,"cation
kathryn broadhurst headteacher, green lane infants school, leicester. for services to education
thomas canning headteacher, tollgate primary school, newham, london. for services to local and national education
laura coletti manager, violet melchett sure start children's centre, kensington, london. for services to children and families
angela darnell headteacher, egglescliffe high school, stockton-on-tees. for services to education
margaret eva headteacher, bourne community college, west sussex. for s"
35,df_selected_urls_2024_p2,139,https://www.gov.uk/government/news/50-million-to-help-pupils-get-ready-for-secondary-school,www.gov.uk,https://data.commoncrawl.org/crawl-data/CC-MAIN-2024-10/segments/1707947474737.17/wet/CC-MAIN-20240228143955-20240228173955-00149.warc.wet.gz,"£50 million to help pupils get ready for secondary school - gov.uk
cookies on gov.uk
we use some ess",free school meals,"st throughout their time at school.
the new summer schools will allow schools to pick the pupils in danger of falling back and provide them with two weeks of support and catch-up, so that they start secondary school ready to learn.
all pupils eligible for free school meals who are making the transition between primary and secondary school in september 2012 will attract the extra funding. schools will make a judgement on which pupils need extra support in making the transition.
deputy prime minister, nick cl"
36,df_selected_urls_2024_p2,139,https://www.gov.uk/government/news/50-million-to-help-pupils-get-ready-for-secondary-school,www.gov.uk,https://data.commoncrawl.org/crawl-data/CC-MAIN-2024-10/segments/1707947474737.17/wet/CC-MAIN-20240228143955-20240228173955-00149.warc.wet.gz,"£50 million to help pupils get ready for secondary school - gov.uk
cookies on gov.uk
we use some ess",school meals,"roughout their time at school.
the new summer schools will allow schools to pick the pupils in danger of falling back and provide them with two weeks of support and catch-up, so that they start secondary school ready to learn.
all pupils eligible for free school meals who are making the transition between primary and secondary school in september 2012 will attract the extra funding. schools will make a judgement on which pupils need extra support in making the transition.
deputy prime minister, nick clegg, "
37,df_selected_urls_2024_p2,259,https://www.gov.uk/government/news/ex-service-personnel-to-become-mentors-to-young-people,www.gov.uk,https://data.commoncrawl.org/crawl-data/CC-MAIN-2024-10/segments/1707947474746.1/wet/CC-MAIN-20240228211701-20240229001701-00132.warc.wet.gz,"ex-service personnel to become mentors to young people - gov.uk
cookies on gov.uk
we use some essent",free school meals,"a sense of purpose.
peter cross, chief executive of skillforce, said:
skillforce is delighted to be asked to expand its work with disadvantaged young people. our programmes effect positive and permanent change in their lives as evidenced by 60 per cent on free school meals going into further education compared with nine per cent nationally. the use of former military mentors enables them to serve their communities following a first career of service to their country.
dr liam fox, secretary of state for defe"
38,df_selected_urls_2024_p2,259,https://www.gov.uk/government/news/ex-service-personnel-to-become-mentors-to-young-people,www.gov.uk,https://data.commoncrawl.org/crawl-data/CC-MAIN-2024-10/segments/1707947474746.1/wet/CC-MAIN-20240228211701-20240229001701-00132.warc.wet.gz,"ex-service personnel to become mentors to young people - gov.uk
cookies on gov.uk
we use some essent",school meals,"se of purpose.
peter cross, chief executive of skillforce, said:
skillforce is delighted to be asked to expand its work with disadvantaged young people. our programmes effect positive and permanent change in their lives as evidenced by 60 per cent on free school meals going into further education compared with nine per cent nationally. the use of former military mentors enables them to serve their communities following a first career of service to their country.
dr liam fox, secretary of state for defence s"
39,df_selected_urls_2024_p2,271,https://www.gov.uk/government/news/schools-minister-nick-gibb-responds-to-key-stage-2-attainment-statistics,www.gov.uk,https://data.commoncrawl.org/crawl-data/CC-MAIN-2024-10/segments/1707947474746.1/wet/CC-MAIN-20240228211701-20240229001701-00699.warc.wet.gz,"schools minister nick gibb responds to key stage 2 attainment statistics - gov.uk
cookies on gov.uk
",free school meals,"nment
nick gibb has today commented on statistics showing key stage 2 attainment by pupil characteristics.
schools minister nick gibb said:
these figures reveal that our education system is letting down half of all 10- and 11-year-old boys who qualify for free school meals. it is not acceptable that at the end of primary school these children are still not reaching the standard in english and maths they need to flourish at secondary school. after 7 years of primary school, children need to be fluent in thes"
40,df_selected_urls_2024_p2,271,https://www.gov.uk/government/news/schools-minister-nick-gibb-responds-to-key-stage-2-attainment-statistics,www.gov.uk,https://data.commoncrawl.org/crawl-data/CC-MAIN-2024-10/segments/1707947474746.1/wet/CC-MAIN-20240228211701-20240229001701-00699.warc.wet.gz,"schools minister nick gibb responds to key stage 2 attainment statistics - gov.uk
cookies on gov.uk
",school meals,"
nick gibb has today commented on statistics showing key stage 2 attainment by pupil characteristics.
schools minister nick gibb said:
these figures reveal that our education system is letting down half of all 10- and 11-year-old boys who qualify for free school meals. it is not acceptable that at the end of primary school these children are still not reaching the standard in english and maths they need to flourish at secondary school. after 7 years of primary school, children need to be fluent in these bas"
41,df_selected_urls_2024_p2,272,https://www.gov.uk/government/news/fair-funding-for-all-schools,www.gov.uk,https://data.commoncrawl.org/crawl-data/CC-MAIN-2024-10/segments/1707947474746.1/wet/CC-MAIN-20240228211701-20240229001701-00734.warc.wet.gz,"fair funding for all schools - gov.uk
cookies on gov.uk
we use some essential cookies to make this w",free school meals,"schools’ funding can vary by as much as £1,800 per pupil. in a secondary school of 1,000 pupils, that is a difference of around £1.8 million. this could pay for around 40 extra teachers.
in one local authority, a school with 43% of its pupils eligible for free school meals received £3,367 per pupil. in another local authority, a school with only 10% of its pupils eligible for free school meals received £4,032 per pupil. this is a difference of £655 per pupil.
the system cannot respond to changes in the type"
42,df_selected_urls_2024_p2,272,https://www.gov.uk/government/news/fair-funding-for-all-schools,www.gov.uk,https://data.commoncrawl.org/crawl-data/CC-MAIN-2024-10/segments/1707947474746.1/wet/CC-MAIN-20240228211701-20240229001701-00734.warc.wet.gz,"fair funding for all schools - gov.uk
cookies on gov.uk
we use some essential cookies to make this w",school meals,"ls’ funding can vary by as much as £1,800 per pupil. in a secondary school of 1,000 pupils, that is a difference of around £1.8 million. this could pay for around 40 extra teachers.
in one local authority, a school with 43% of its pupils eligible for free school meals received £3,367 per pupil. in another local authority, a school with only 10% of its pupils eligible for free school meals received £4,032 per pupil. this is a difference of £655 per pupil.
the system cannot respond to changes in the types of "
43,df_selected_urls_2024_p2,276,https://www.gov.uk/government/news/pupil-premium-awards-celebrate-schools-helping-disadvantaged-pupils,www.gov.uk,https://data.commoncrawl.org/crawl-data/CC-MAIN-2024-10/segments/1707947474746.1/wet/CC-MAIN-20240228211701-20240229001701-00829.warc.wet.gz,"pupil premium awards celebrate schools helping disadvantaged pupils - gov.uk
cookies on gov.uk
we us",free school meals," get on and improve by innovative use of the pupil premium.
winning schools took home cash rewards of up to £10,000, in recognition of the way they have pioneered the use of the pupil premium - a £900 payment to schools for every pupil who is eligible for free school meals - to help those children reach their potential and reduce educational inequalities. today’s awards ceremony was a chance to showcase the work they do so other schools across the country can learn from their impressive results.
deputy prim"
44,df_selected_urls_2024_p2,276,https://www.gov.uk/government/news/pupil-premium-awards-celebrate-schools-helping-disadvantaged-pupils,www.gov.uk,https://data.commoncrawl.org/crawl-data/CC-MAIN-2024-10/segments/1707947474746.1/wet/CC-MAIN-20240228211701-20240229001701-00829.warc.wet.gz,"pupil premium awards celebrate schools helping disadvantaged pupils - gov.uk
cookies on gov.uk
we us",school meals,"on and improve by innovative use of the pupil premium.
winning schools took home cash rewards of up to £10,000, in recognition of the way they have pioneered the use of the pupil premium - a £900 payment to schools for every pupil who is eligible for free school meals - to help those children reach their potential and reduce educational inequalities. today’s awards ceremony was a chance to showcase the work they do so other schools across the country can learn from their impressive results.
deputy prime min"
45,df_selected_urls_2024_p2,297,https://www.gov.uk/government/news/health-visitor-implementation-progress-report,www.gov.uk,https://data.commoncrawl.org/crawl-data/CC-MAIN-2024-10/segments/1707947474775.80/wet/CC-MAIN-20240229003536-20240229033536-00681.warc.wet.gz,"health visitor implementation progress report - gov.uk
cookies on gov.uk
we use some essential cooki",sure start,"ogramme is to improve services and health outcomes in the early years for children, families and local communities, through expanding and strengthening the health visiting service. health visitors, working in partnership with gps, midwives, school nurses, sure start children’s centres and other local organisations, have a crucial role in ensuring that all young children are able to get best possible start in life and are given the opportunity to fulfil their potential.
the health visitor implementation prog"
46,df_selected_urls_2024_p2,400,https://www.gov.uk/government/news/government-sets-out-strategy-to-be-positive-for-youth,www.gov.uk,https://data.commoncrawl.org/crawl-data/CC-MAIN-2024-10/segments/1707947474808.39/wet/CC-MAIN-20240229103115-20240229133115-00110.warc.wet.gz,"government sets out strategy to be positive for youth - gov.uk
cookies on gov.uk
we use some essenti",free school meals," 18s reporting that they are satisfied with their lives; * % of 16 to 19s volunteering; * % of 16 and 17 year olds in education and work-based learning; * % of 18 year olds in education, employment or training; * % of young people aged 19 who have claimed free school meals achieving level 3 (to focus on improving their outcomes relative to others) * % of 19 year olds achieving level 2; * % of 10 to 17 year olds who have not had any contact with the criminal justice system (as measured by a reprimand, warnin"
47,df_selected_urls_2024_p2,400,https://www.gov.uk/government/news/government-sets-out-strategy-to-be-positive-for-youth,www.gov.uk,https://data.commoncrawl.org/crawl-data/CC-MAIN-2024-10/segments/1707947474808.39/wet/CC-MAIN-20240229103115-20240229133115-00110.warc.wet.gz,"government sets out strategy to be positive for youth - gov.uk
cookies on gov.uk
we use some essenti",school meals,"reporting that they are satisfied with their lives; * % of 16 to 19s volunteering; * % of 16 and 17 year olds in education and work-based learning; * % of 18 year olds in education, employment or training; * % of young people aged 19 who have claimed free school meals achieving level 3 (to focus on improving their outcomes relative to others) * % of 19 year olds achieving level 2; * % of 10 to 17 year olds who have not had any contact with the criminal justice system (as measured by a reprimand, warning or "
48,df_selected_urls_2024_p2,405,https://www.gov.uk/government/news/sure-start-childrens-centres-statutory-guidance,www.gov.uk,https://data.commoncrawl.org/crawl-data/CC-MAIN-2024-10/segments/1707947474808.39/wet/CC-MAIN-20240229103115-20240229133115-00211.warc.wet.gz,"sure start children’s centres statutory guidance - gov.uk
cookies on gov.uk
we use some essential co",sure start,"sure start children’s centres statutory guidance - gov.uk
cookies on gov.uk
we use some essential cookies to make this website work.
we’d like to set additional cookies to understand how you use gov.uk, remember your settings and improve government service"
49,df_selected_urls_2024_p2,415,https://www.gov.uk/government/news/schools-minister-congratulates-students-on-their-a-and-as-levels-and-advanced-diploma-results,www.gov.uk,https://data.commoncrawl.org/crawl-data/CC-MAIN-2024-10/segments/1707947474808.39/wet/CC-MAIN-20240229103115-20240229133115-00526.warc.wet.gz,schools minister congratulates students on their a and as levels and advanced diploma results - gov.,free school meals," effort into preparing young people.
despite everyone’s hard work there is still much work to be done. england has one of the most stratified and segregated school systems in the world. it is scandalous that of the 80,000 students in one year eligible for free school meals, just 45 got to oxbridge. the coalition government is committed to all young people, regardless of their background, having the best opportunity to achieve success. that is why we are determined to narrow the historic and entrenched attai"
50,df_selected_urls_2024_p2,415,https://www.gov.uk/government/news/schools-minister-congratulates-students-on-their-a-and-as-levels-and-advanced-diploma-results,www.gov.uk,https://data.commoncrawl.org/crawl-data/CC-MAIN-2024-10/segments/1707947474808.39/wet/CC-MAIN-20240229103115-20240229133115-00526.warc.wet.gz,schools minister congratulates students on their a and as levels and advanced diploma results - gov.,school meals,"rt into preparing young people.
despite everyone’s hard work there is still much work to be done. england has one of the most stratified and segregated school systems in the world. it is scandalous that of the 80,000 students in one year eligible for free school meals, just 45 got to oxbridge. the coalition government is committed to all young people, regardless of their background, having the best opportunity to achieve success. that is why we are determined to narrow the historic and entrenched attainment"
51,df_selected_urls_2024_p2,427,https://www.gov.uk/government/news/early-learning-and-childrens-centres-government-sets-out-reform,www.gov.uk,https://data.commoncrawl.org/crawl-data/CC-MAIN-2024-10/segments/1707947474808.39/wet/CC-MAIN-20240229103115-20240229133115-00851.warc.wet.gz,"early learning and children’s centres: government sets out reform - gov.uk
cookies on gov.uk
we use ",sure start,"their children are doing with the introduction of a new progress check for every two-year-old in early education. parents and professionals can be confident children are developing well and any problems will be picked up early.
as part of wider reforms to sure start children’s centres and early learning, the government is looking at ways to get parents and communities more involved in running children’s centres. new plans to be consulted on will also make it easier for parents to plan and balance their work"
52,df_selected_urls_2024_p2,427,https://www.gov.uk/government/news/early-learning-and-childrens-centres-government-sets-out-reform,www.gov.uk,https://data.commoncrawl.org/crawl-data/CC-MAIN-2024-10/segments/1707947474808.39/wet/CC-MAIN-20240229103115-20240229133115-00851.warc.wet.gz,"early learning and children’s centres: government sets out reform - gov.uk
cookies on gov.uk
we use ",school readiness,"ans, to be consulted on in the autumn, to enable parents to access their free entitlement hours from 7am-7pm, and take the full 15 hours over two days rather than a minimum of three days.
a new core purpose for children’s centres, with a stronger focus on school readiness and supporting families. it clearly sets out the outcomes which children’s centres should be supporting.
exploring how we can find new ways of running children’s centres, such as mutuals and co-operative approaches, so parents and communit"
53,df_selected_urls_2024_p2,430,https://www.gov.uk/government/news/parents-get-more-information-about-school-performance,www.gov.uk,https://data.commoncrawl.org/crawl-data/CC-MAIN-2024-10/segments/1707947474808.39/wet/CC-MAIN-20240229103115-20240229133115-00873.warc.wet.gz,"parents get more information about school performance - gov.uk
cookies on gov.uk
we use some essenti",free school meals,"r officially or unofficially when deciding to offer places to students.
barry day, chief executive of the greenwood academies trust, multiple sponsor with academies only in deprived areas including the nottingham academy - which has 35% of its children on free school meals, said:
the government is sending a clear and welcome message that those of us working in education must have higher expectations for young people. at the moment far too many students, especially from more deprived communities, are pushed "
54,df_selected_urls_2024_p2,430,https://www.gov.uk/government/news/parents-get-more-information-about-school-performance,www.gov.uk,https://data.commoncrawl.org/crawl-data/CC-MAIN-2024-10/segments/1707947474808.39/wet/CC-MAIN-20240229103115-20240229133115-00873.warc.wet.gz,"parents get more information about school performance - gov.uk
cookies on gov.uk
we use some essenti",school meals,"icially or unofficially when deciding to offer places to students.
barry day, chief executive of the greenwood academies trust, multiple sponsor with academies only in deprived areas including the nottingham academy - which has 35% of its children on free school meals, said:
the government is sending a clear and welcome message that those of us working in education must have higher expectations for young people. at the moment far too many students, especially from more deprived communities, are pushed throu"
55,df_selected_urls_2024_p2,658,https://www.gov.uk/government/news/digital-service-launched-for-new-parents,www.gov.uk,https://data.commoncrawl.org/crawl-data/CC-MAIN-2024-10/segments/1707947476137.72/wet/CC-MAIN-20240302215752-20240303005752-00386.warc.wet.gz,"digital service launched for new parents - gov.uk
cookies on gov.uk
we use some essential cookies to",best start in life,"tors. the parenting classes and films we’re launching this week are an important part of that, providing clear, professionally-led advice on everything from teething to tantrums.”
health secretary andrew lansley said:
“we all want to give our children the best start in life. but sometimes, particularly for first-time parents, bringing a new baby home can be a daunting as well as a happy experience.
_“that is why we are determined to help people become more confident in becoming a parent - from pregnancy to "
56,df_selected_urls_2024_p2,669,https://www.gov.uk/government/news/not-enough-music-in-music-lessons,www.gov.uk,https://data.commoncrawl.org/crawl-data/CC-MAIN-2024-10/segments/1707947476137.72/wet/CC-MAIN-20240302215752-20240303005752-00474.warc.wet.gz,"not enough music in music lessons - gov.uk
cookies on gov.uk
we use some essential cookies to make t",free school meals,"response to music are given priority.
it recommends that schools do more to ensure the sustained participation and musical achievement of specific groups of pupils; particularly boys; pupils with special educational needs; pupils known to be in receipt of free school meals; and children who are looked after.
best practice case studies of music teaching highlighted in the report include a range of lessons from every type of school in different styles (see notes below). poor teaching also highlighted shows en"
57,df_selected_urls_2024_p2,669,https://www.gov.uk/government/news/not-enough-music-in-music-lessons,www.gov.uk,https://data.commoncrawl.org/crawl-data/CC-MAIN-2024-10/segments/1707947476137.72/wet/CC-MAIN-20240302215752-20240303005752-00474.warc.wet.gz,"not enough music in music lessons - gov.uk
cookies on gov.uk
we use some essential cookies to make t",school meals,"nse to music are given priority.
it recommends that schools do more to ensure the sustained participation and musical achievement of specific groups of pupils; particularly boys; pupils with special educational needs; pupils known to be in receipt of free school meals; and children who are looked after.
best practice case studies of music teaching highlighted in the report include a range of lessons from every type of school in different styles (see notes below). poor teaching also highlighted shows entire "
58,df_selected_urls_2024_p2,774,https://www.gov.uk/government/news/24-free-schools-to-open-across-england-this-year,www.gov.uk,https://data.commoncrawl.org/crawl-data/CC-MAIN-2024-10/segments/1707947476396.49/wet/CC-MAIN-20240303142747-20240303172747-00719.warc.wet.gz,"24 free schools to open across england this year - gov.uk
cookies on gov.uk
we use some essential co",free school meals,"any in areas where there is a shortage. they will also open in areas with historic educational underperformance.
under the coalition government’s radical new plans, free schools will also be able to prioritise the most disadvantaged children (eligible for free school meals) in their school admissions arrangements. with the pupil premium, there will be an even greater incentive for free schools to attract pupils that are most in need of high-quality education.
education secretary, michael gove, said:
the mos"
59,df_selected_urls_2024_p2,774,https://www.gov.uk/government/news/24-free-schools-to-open-across-england-this-year,www.gov.uk,https://data.commoncrawl.org/crawl-data/CC-MAIN-2024-10/segments/1707947476396.49/wet/CC-MAIN-20240303142747-20240303172747-00719.warc.wet.gz,"24 free schools to open across england this year - gov.uk
cookies on gov.uk
we use some essential co",school meals,"n areas where there is a shortage. they will also open in areas with historic educational underperformance.
under the coalition government’s radical new plans, free schools will also be able to prioritise the most disadvantaged children (eligible for free school meals) in their school admissions arrangements. with the pupil premium, there will be an even greater incentive for free schools to attract pupils that are most in need of high-quality education.
education secretary, michael gove, said:
the most imp"
60,df_selected_urls_2024_p2,861,https://www.gov.uk/government/news/access-agreements-for-universities,www.gov.uk,https://data.commoncrawl.org/crawl-data/CC-MAIN-2024-10/segments/1707947476452.25/wet/CC-MAIN-20240304133241-20240304163241-00715.warc.wet.gz,"access agreements for universities - gov.uk
cookies on gov.uk
we use some essential cookies to make ",free school meals,"bition and ability, whatever their background, should face barriers to accessing higher education.
“progress over the past few years in securing fair access to the most selective universities has been inadequate. only around 40 pupils out of the 80,000 on free school meals currently make it to oxbridge at the moment.
“the government therefore tasked offa with setting more demanding tests than in previous years. we are satisfied that universities and colleges are showing their determination to improve. indee"
61,df_selected_urls_2024_p2,861,https://www.gov.uk/government/news/access-agreements-for-universities,www.gov.uk,https://data.commoncrawl.org/crawl-data/CC-MAIN-2024-10/segments/1707947476452.25/wet/CC-MAIN-20240304133241-20240304163241-00715.warc.wet.gz,"access agreements for universities - gov.uk
cookies on gov.uk
we use some essential cookies to make ",school meals,"n and ability, whatever their background, should face barriers to accessing higher education.
“progress over the past few years in securing fair access to the most selective universities has been inadequate. only around 40 pupils out of the 80,000 on free school meals currently make it to oxbridge at the moment.
“the government therefore tasked offa with setting more demanding tests than in previous years. we are satisfied that universities and colleges are showing their determination to improve. indeed, by"
62,df_news_filtered_2025,303,https://www.gov.uk/government/news/public-consultation-passported-benefits-under-universal-credit-review-and-advice,www.gov.uk,https://data.commoncrawl.org/crawl-data/CC-MAIN-2025-43/segments/1759648358298.52/wet/CC-MAIN-20251007140708-20251007170708-00483.warc.wet.gz,"public consultation: passported benefits under universal credit – review and advice - gov.uk
cookies",free school meals,"ations, including government departments, the devolved administrations, local authorities, and other bodies both within and outside of government, including commercial organisations. passported benefits can be differentiated into: benefits in kind such as free school meals, free milk, fruit and vegetables, and vitamins, free prescriptions; cash benefits such as support for travel costs to hospitals or prisons; and discounts on charges or fees such as leisure discounts.
government departments and the devolve"
63,df_news_filtered_2025,303,https://www.gov.uk/government/news/public-consultation-passported-benefits-under-universal-credit-review-and-advice,www.gov.uk,https://data.commoncrawl.org/crawl-data/CC-MAIN-2025-43/segments/1759648358298.52/wet/CC-MAIN-20251007140708-20251007170708-00483.warc.wet.gz,"public consultation: passported benefits under universal credit – review and advice - gov.uk
cookies",school meals,"s, including government departments, the devolved administrations, local authorities, and other bodies both within and outside of government, including commercial organisations. passported benefits can be differentiated into: benefits in kind such as free school meals, free milk, fruit and vegetables, and vitamins, free prescriptions; cash benefits such as support for travel costs to hospitals or prisons; and discounts on charges or fees such as leisure discounts.
government departments and the devolved adm"
64,df_news_filtered_2025,671,https://www.gov.uk/government/news/free-chickenpox-vaccination-offered-for-first-time-to-children,www.gov.uk,https://data.commoncrawl.org/crawl-data/CC-MAIN-2025-43/segments/1759648358967.31/wet/CC-MAIN-20251013111241-20251013141241-00860.warc.wet.gz,"free chickenpox vaccination offered for first time to children - gov.uk
cookies on gov.uk
we use som",best start in life,"ccination programme since the menb vaccine in 2015.
meanwhile, the department for education has recently announced plans to roll out best start family hubs in every local area, relieving pressure on parents and giving half a million more children the very best start in life.
the eligibility criteria for children will be set out in clinical guidance covering which age groups will get the mmrv vaccine and when, to ensure the most effective protection for children.
as with other childhood immunisations, parent"
65,df_news_filtered_2025,671,https://www.gov.uk/government/news/free-chickenpox-vaccination-offered-for-first-time-to-children,www.gov.uk,https://data.commoncrawl.org/crawl-data/CC-MAIN-2025-43/segments/1759648358967.31/wet/CC-MAIN-20251013111241-20251013141241-00860.warc.wet.gz,"free chickenpox vaccination offered for first time to children - gov.uk
cookies on gov.uk
we use som",family hubs,"ental care.
this is the first time protection against another disease has been added to the routine childhood vaccination programme since the menb vaccine in 2015.
meanwhile, the department for education has recently announced plans to roll out best start family hubs in every local area, relieving pressure on parents and giving half a million more children the very best start in life.
the eligibility criteria for children will be set out in clinical guidance covering which age groups will get the mmrv vacci"
66,df_news_filtered_2025,671,https://www.gov.uk/government/news/free-chickenpox-vaccination-offered-for-first-time-to-children,www.gov.uk,https://data.commoncrawl.org/crawl-data/CC-MAIN-2025-43/segments/1759648358967.31/wet/CC-MAIN-20251013111241-20251013141241-00860.warc.wet.gz,"free chickenpox vaccination offered for first time to children - gov.uk
cookies on gov.uk
we use som",free school meals,"ealthy and prevent sickness from these highly contagious viruses.
the mmrv vaccine rollout forms part of the government’s overall aim to ensure young people thrive, as part of the 10 year health plan. this includes expanding access to vaccines, as well as free school meals, mental health support and dental care.
this is the first time protection against another disease has been added to the routine childhood vaccination programme since the menb vaccine in 2015.
meanwhile, the department for education has re"
67,df_news_filtered_2025,671,https://www.gov.uk/government/news/free-chickenpox-vaccination-offered-for-first-time-to-children,www.gov.uk,https://data.commoncrawl.org/crawl-data/CC-MAIN-2025-43/segments/1759648358967.31/wet/CC-MAIN-20251013111241-20251013141241-00860.warc.wet.gz,"free chickenpox vaccination offered for first time to children - gov.uk
cookies on gov.uk
we use som",school meals,"y and prevent sickness from these highly contagious viruses.
the mmrv vaccine rollout forms part of the government’s overall aim to ensure young people thrive, as part of the 10 year health plan. this includes expanding access to vaccines, as well as free school meals, mental health support and dental care.
this is the first time protection against another disease has been added to the routine childhood vaccination programme since the menb vaccine in 2015.
meanwhile, the department for education has recentl"
68,df_news_filtered_2025,872,https://www.gov.uk/government/news/schools-colleges-and-early-years-settings-to-close?utm_source=ab2c52ba-df74-46bf-a3ab-b18ebfb5a001&utm_medium=email&utm_campaign=govuk-notifications&utm_content=daily,www.gov.uk,https://data.commoncrawl.org/crawl-data/CC-MAIN-2025-43/segments/1759648659977.75/wet/CC-MAIN-20251015230254-20251016020254-00553.warc.wet.gz,"schools, colleges and early years settings to close - gov.uk
cookies on gov.uk
we use some essential",free school meals,"erable children i am confident we will help beat this virus.
i am deeply grateful for the civic spirit and dedication of everyone working in education, and i will continue to provide my full support throughout this crisis.
to support children eligible for free school meals, schools will be able to provide meals or vouchers for supermarkets or local shops.
the government has also confirmed that the total value of vouchers offered to each eligible child per week will exceed the rate it pays to schools for fre"
69,df_news_filtered_2025,872,https://www.gov.uk/government/news/schools-colleges-and-early-years-settings-to-close?utm_source=ab2c52ba-df74-46bf-a3ab-b18ebfb5a001&utm_medium=email&utm_campaign=govuk-notifications&utm_content=daily,www.gov.uk,https://data.commoncrawl.org/crawl-data/CC-MAIN-2025-43/segments/1759648659977.75/wet/CC-MAIN-20251015230254-20251016020254-00553.warc.wet.gz,"schools, colleges and early years settings to close - gov.uk
cookies on gov.uk
we use some essential",school meals,"e children i am confident we will help beat this virus.
i am deeply grateful for the civic spirit and dedication of everyone working in education, and i will continue to provide my full support throughout this crisis.
to support children eligible for free school meals, schools will be able to provide meals or vouchers for supermarkets or local shops.
the government has also confirmed that the total value of vouchers offered to each eligible child per week will exceed the rate it pays to schools for free sch"
70,df_news_filtered_2025,886,https://www.gov.uk/government/news/employment-support-launched-for-over-a-million-people,www.gov.uk,https://data.commoncrawl.org/crawl-data/CC-MAIN-2025-43/segments/1759648663798.77/wet/CC-MAIN-20251016113935-20251016143935-00213.warc.wet.gz,"employment support launched for over a million people - gov.uk
cookies on gov.uk
we use some essenti",free school meals,"losed of individuals who are solely eligible for the standard allowance, meaning they are not receiving additional child, housing or disability universal credit payments. this means parents claiming the child element and receiving additional benefits like free school meals are not in scope of this measure and will not lose out. this is also the case for disabled claimants in receipt of the disability element of uc and receiving any additional benefits derived from their uc eligibility; investigating positiv"
71,df_news_filtered_2025,886,https://www.gov.uk/government/news/employment-support-launched-for-over-a-million-people,www.gov.uk,https://data.commoncrawl.org/crawl-data/CC-MAIN-2025-43/segments/1759648663798.77/wet/CC-MAIN-20251016113935-20251016143935-00213.warc.wet.gz,"employment support launched for over a million people - gov.uk
cookies on gov.uk
we use some essenti",school meals," of individuals who are solely eligible for the standard allowance, meaning they are not receiving additional child, housing or disability universal credit payments. this means parents claiming the child element and receiving additional benefits like free school meals are not in scope of this measure and will not lose out. this is also the case for disabled claimants in receipt of the disability element of uc and receiving any additional benefits derived from their uc eligibility; investigating positive cla"
